file,timestamp,seconds,category,youtube
02_Streets_and_Junctions/Streets_and_Junctions_00m05s.jpg,00:05,5,02_Streets_and_Junctions,https://www.youtube.com/watch?v=RZ06YmcbxkU&t=5s
02_Streets_and_Junctions/Streets_and_Junctions_00m10s.jpg,00:10,10,02_Streets_and_Junctions,https://www.youtube.com/watch?v=RZ06YmcbxkU&t=10s
02_Streets_and_Junctions/Streets_and_Junctions_00m20s.jpg,00:20,20,02_Streets_and_Junctions,https://www.youtube.com/watch?v=RZ06YmcbxkU&t=20s
01_Fountain_Plaza/Fountain_Plaza_00m25s.jpg,00:25,25,01_Fountain_Plaza,https://www.youtube.com/watch?v=RZ06YmcbxkU&t=25s
01_Fountain_Plaza/Fountain_Plaza_00m35s.jpg,00:35,35,01_Fountain_Plaza,https://www.youtube.com/watch?v=RZ06YmcbxkU&t=35s
01_Fountain_Plaza/Fountain_Plaza_00m40s.jpg,00:40,40,01_Fountain_Plaza,https://www.youtube.com/watch?v=RZ06YmcbxkU&t=40s
01_Fountain_Plaza/Fountain_Plaza_00m45s.jpg,00:45,45,01_Fountain_Plaza,https://www.youtube.com/watch?v=RZ06YmcbxkU&t=45s
02_Streets_and_Junctions/Streets_and_Junctions_00m50s.jpg,00:50,50,02_Streets_and_Junctions,https://www.youtube.com/watch?v=RZ06YmcbxkU&t=50s
06_Gates_Walls_Bridge/Gates_Walls_Bridge_00m55s.jpg,00:55,55,06_Gates_Walls_Bridge,https://www.youtube.com/watch?v=RZ06YmcbxkU&t=55s
06_Gates_Walls_Bridge/Gates_Walls_Bridge_01m00s.jpg,01:00,60,06_Gates_Walls_Bridge,https://www.youtube.com/watch?v=RZ06YmcbxkU&t=60s
03_Cathedral_and_Courtyard/Cathedral_and_Courtyard_01m05s.jpg,01:05,65,03_Cathedral_and_Courtyard,https://www.youtube.com/watch?v=RZ06YmcbxkU&t=65s
03_Cathedral_and_Courtyard/Cathedral_and_Courtyard_01m10s.jpg,01:10,70,03_Cathedral_and_Courtyard,https://www.youtube.com/watch?v=RZ06YmcbxkU&t=70s
03_Cathedral_and_Courtyard/Cathedral_and_Courtyard_01m15s.jpg,01:15,75,03_Cathedral_and_Courtyard,https://www.youtube.com/watch?v=RZ06YmcbxkU&t=75s
03_Cathedral_and_Courtyard/Cathedral_and_Courtyard_01m20s.jpg,01:20,80,03_Cathedral_and_Courtyard,https://www.youtube.com/watch?v=RZ06YmcbxkU&t=80s
03_Cathedral_and_Courtyard/Cathedral_and_Courtyard_01m25s.jpg,01:25,85,03_Cathedral_and_Courtyard,https://www.youtube.com/watch?v=RZ06YmcbxkU&t=85s
04_Houses_Shops_Roofs/Houses_Shops_Roofs_01m30s.jpg,01:30,90,04_Houses_Shops_Roofs,https://www.youtube.com/watch?v=RZ06YmcbxkU&t=90s
02_Streets_and_Junctions/Streets_and_Junctions_01m35s.jpg,01:35,95,02_Streets_and_Junctions,https://www.youtube.com/watch?v=RZ06YmcbxkU&t=95s
04_Houses_Shops_Roofs/Houses_Shops_Roofs_01m40s.jpg,01:40,100,04_Houses_Shops_Roofs,https://www.youtube.com/watch?v=RZ06YmcbxkU&t=100s
04_Houses_Shops_Roofs/Houses_Shops_Roofs_01m45s.jpg,01:45,105,04_Houses_Shops_Roofs,https://www.youtube.com/watch?v=RZ06YmcbxkU&t=105s
02_Streets_and_Junctions/Streets_and_Junctions_01m50s.jpg,01:50,110,02_Streets_and_Junctions,https://www.youtube.com/watch?v=RZ06YmcbxkU&t=110s
04_Houses_Shops_Roofs/Houses_Shops_Roofs_01m55s.jpg,01:55,115,04_Houses_Shops_Roofs,https://www.youtube.com/watch?v=RZ06YmcbxkU&t=115s
02_Streets_and_Junctions/Streets_and_Junctions_02m00s.jpg,02:00,120,02_Streets_and_Junctions,https://www.youtube.com/watch?v=RZ06YmcbxkU&t=120s
02_Streets_and_Junctions/Streets_and_Junctions_02m05s.jpg,02:05,125,02_Streets_and_Junctions,https://www.youtube.com/watch?v=RZ06YmcbxkU&t=125s
04_Houses_Shops_Roofs/Houses_Shops_Roofs_02m10s.jpg,02:10,130,04_Houses_Shops_Roofs,https://www.youtube.com/watch?v=RZ06YmcbxkU&t=130s
04_Houses_Shops_Roofs/Houses_Shops_Roofs_02m15s.jpg,02:15,135,04_Houses_Shops_Roofs,https://www.youtube.com/watch?v=RZ06YmcbxkU&t=135s
02_Streets_and_Junctions/Streets_and_Junctions_02m20s.jpg,02:20,140,02_Streets_and_Junctions,https://www.youtube.com/watch?v=RZ06YmcbxkU&t=140s
02_Streets_and_Junctions/Streets_and_Junctions_02m25s.jpg,02:25,145,02_Streets_and_Junctions,https://www.youtube.com/watch?v=RZ06YmcbxkU&t=145s
05_Training_Courts/Training_Courts_02m30s.jpg,02:30,150,05_Training_Courts,https://www.youtube.com/watch?v=RZ06YmcbxkU&t=150s
05_Training_Courts/Training_Courts_02m35s.jpg,02:35,155,05_Training_Courts,https://www.youtube.com/watch?v=RZ06YmcbxkU&t=155s
05_Training_Courts/Training_Courts_02m40s.jpg,02:40,160,05_Training_Courts,https://www.youtube.com/watch?v=RZ06YmcbxkU&t=160s
02_Streets_and_Junctions/Streets_and_Junctions_02m50s.jpg,02:50,170,02_Streets_and_Junctions,https://www.youtube.com/watch?v=RZ06YmcbxkU&t=170s
02_Streets_and_Junctions/Streets_and_Junctions_03m00s.jpg,03:00,180,02_Streets_and_Junctions,https://www.youtube.com/watch?v=RZ06YmcbxkU&t=180s
02_Streets_and_Junctions/Streets_and_Junctions_03m05s.jpg,03:05,185,02_Streets_and_Junctions,https://www.youtube.com/watch?v=RZ06YmcbxkU&t=185s
04_Houses_Shops_Roofs/Houses_Shops_Roofs_03m10s.jpg,03:10,190,04_Houses_Shops_Roofs,https://www.youtube.com/watch?v=RZ06YmcbxkU&t=190s
04_Houses_Shops_Roofs/Houses_Shops_Roofs_03m15s.jpg,03:15,195,04_Houses_Shops_Roofs,https://www.youtube.com/watch?v=RZ06YmcbxkU&t=195s
04_Houses_Shops_Roofs/Houses_Shops_Roofs_03m20s.jpg,03:20,200,04_Houses_Shops_Roofs,https://www.youtube.com/watch?v=RZ06YmcbxkU&t=200s
04_Houses_Shops_Roofs/Houses_Shops_Roofs_03m25s.jpg,03:25,205,04_Houses_Shops_Roofs,https://www.youtube.com/watch?v=RZ06YmcbxkU&t=205s
04_Houses_Shops_Roofs/Houses_Shops_Roofs_03m30s.jpg,03:30,210,04_Houses_Shops_Roofs,https://www.youtube.com/watch?v=RZ06YmcbxkU&t=210s
04_Houses_Shops_Roofs/Houses_Shops_Roofs_03m35s.jpg,03:35,215,04_Houses_Shops_Roofs,https://www.youtube.com/watch?v=RZ06YmcbxkU&t=215s
04_Houses_Shops_Roofs/Houses_Shops_Roofs_03m40s.jpg,03:40,220,04_Houses_Shops_Roofs,https://www.youtube.com/watch?v=RZ06YmcbxkU&t=220s
02_Streets_and_Junctions/Streets_and_Junctions_03m45s.jpg,03:45,225,02_Streets_and_Junctions,https://www.youtube.com/watch?v=RZ06YmcbxkU&t=225s
04_Houses_Shops_Roofs/Houses_Shops_Roofs_03m50s.jpg,03:50,230,04_Houses_Shops_Roofs,https://www.youtube.com/watch?v=RZ06YmcbxkU&t=230s
04_Houses_Shops_Roofs/Houses_Shops_Roofs_03m55s.jpg,03:55,235,04_Houses_Shops_Roofs,https://www.youtube.com/watch?v=RZ06YmcbxkU&t=235s
06_Gates_Walls_Bridge/Gates_Walls_Bridge_04m05s.jpg,04:05,245,06_Gates_Walls_Bridge,https://www.youtube.com/watch?v=RZ06YmcbxkU&t=245s
06_Gates_Walls_Bridge/Gates_Walls_Bridge_04m15s.jpg,04:15,255,06_Gates_Walls_Bridge,https://www.youtube.com/watch?v=RZ06YmcbxkU&t=255s
06_Gates_Walls_Bridge/Gates_Walls_Bridge_04m20s.jpg,04:20,260,06_Gates_Walls_Bridge,https://www.youtube.com/watch?v=RZ06YmcbxkU&t=260s
06_Gates_Walls_Bridge/Gates_Walls_Bridge_04m25s.jpg,04:25,265,06_Gates_Walls_Bridge,https://www.youtube.com/watch?v=RZ06YmcbxkU&t=265s
06_Gates_Walls_Bridge/Gates_Walls_Bridge_04m50s.jpg,04:50,290,06_Gates_Walls_Bridge,https://www.youtube.com/watch?v=RZ06YmcbxkU&t=290s
06_Gates_Walls_Bridge/Gates_Walls_Bridge_04m55s.jpg,04:55,295,06_Gates_Walls_Bridge,https://www.youtube.com/watch?v=RZ06YmcbxkU&t=295s
06_Gates_Walls_Bridge/Gates_Walls_Bridge_05m00s.jpg,05:00,300,06_Gates_Walls_Bridge,https://www.youtube.com/watch?v=RZ06YmcbxkU&t=300s
01_Fountain_Plaza/Fountain_Plaza_05m10s.jpg,05:10,310,01_Fountain_Plaza,https://www.youtube.com/watch?v=RZ06YmcbxkU&t=310s
01_Fountain_Plaza/Fountain_Plaza_05m15s.jpg,05:15,315,01_Fountain_Plaza,https://www.youtube.com/watch?v=RZ06YmcbxkU&t=315s
